Title,URL,Date
What Is Data Scraping And How Can You Use It? | Target ...,https://www.targetinternet.com/what-is-data-scraping-and-how-can-you-use-it/,"Sep 13, 2017 · Uploaded by Lucy Provost"
Watch | What is data scraping? - The Hindu,https://www.thehindu.com/sci-tech/technology/what-is-data-scraping/article32908610.ece,1 day ago
What is DATA SCRAPING? What does DATA SCRAPING ...,https://www.youtube.com/watch?v=omTtMylcWOI,"Sep 21, 2017 · Uploaded by The Audiopedia"
Best Data Scraping Tools for 2020 (Top 10 Reviews) | Octoparse,https://www.octoparse.com/blog/best-data-scraping-tools-for-2019-top-10-reviews,"Jun 3, 2019 · Uploaded by Octoparse"
Best Data Scraping Tools for 2020 (Top 10 Reviews) | by ...,https://medium.com/datadriveninvestor/best-data-scraping-tools-for-2019-top-10-reviews-4a686061a184,"May 6, 2019 · Uploaded by Octoparse"
What is a present-day web scraper? | Towards Data Science,https://towardsdatascience.com/what-is-a-present-day-scraper-e2c3d3b79648,"Jun 5, 2020 · Uploaded by Dmitry Narizhnykh"
Data Scraping and Mining From Websites Free No Coding ...,https://www.youtube.com/watch?v=CKRjXZSgg-g,"Feb 21, 2017 · Uploaded by Just2 Techno"
20 best web scraping tools for 2020 - ScrapingBee,https://www.scrapingbee.com/blog/web-scraping-tools/,"Feb 19, 2020 · Uploaded by Web Scraper"
Top 30 Free Web Scraping Software in 2020 | Octoparse,https://www.octoparse.com/blog/top-30-free-web-scraping-software,"May 19, 2020 · Uploaded by Octoparse"
What is Web Scraping and What is it Used For? | ParseHub,https://www.parsehub.com/blog/what-is-web-scraping/,"Aug 6, 2019"
What is Web Scraping and How Does Web Crawling Work?,https://www.scrapinghub.com/what-is-web-scraping/,"May 18, 2019 · Uploaded by Scrapinghub"
Web Data Extraction Automation - UiPath,https://www.uipath.com/developers/video-tutorials/web-data-extraction-automation,"Oct 6, 2014 · Uploaded by UiPath"
Data Scraping From Websites - YouTube,https://www.youtube.com/watch?v=YQbe20G0ZSM,"Jan 6, 2018 · Uploaded by Md Al Amin"
Top 10 Web Scraping Tools and Software Compared ...,https://quickemailverification.com/blog/best-web-scraping-tools-compared/,"May 6, 2020 · Uploaded by ProWebScraper"
Web Scraping vs. Data API Scraping - Alternatives to HTML ...,https://www.youtube.com/watch?v=zj7pXM9gE5M,"May 31, 2020 · Uploaded by Stevesie Data"
The A-Z of Web Scraping in 2020 [A How-To Guide],https://dataflowkit.com/blog/what-is-a-present-day-web-scraper/,"Jun 7, 2020 · Uploaded by Dmitry Narizhnykh"
Web Scraping Software - UiPath,https://www.uipath.com/solutions/technology/web-scraping-software,"Jan 31, 2015 · Uploaded by UiPath"
ImportFromWeb | Easy Web Scraping - Google Workspace ...,https://gsuite.google.com/marketplace/app/importfromweb_easy_web_scraping/278587576794,"Jan 10, 2020 · Uploaded by NoDataNoBusiness"
5 Best Web Scraping Tools in 2020! - YouTube,https://www.youtube.com/watch?v=QbkXCkcmHJI,"Apr 8, 2019 · Uploaded by Octoparse"
"Big Data: What Is Web Scraping, and Why Does It Matter ...",https://www.octoparse.com/blog/big-data-what-is-web-scraping-and-why-does-it-matter,"Feb 24, 2020 · Uploaded by Octoparse"
UiPath Data Scraping (Web Page to Excel) - Tutorial - YouTube,https://www.youtube.com/watch?v=vIAJvk4quqA,"Jan 22, 2020 · Uploaded by Anders Jensen"
Automate Web Data Extraction and Data Scraping ...,https://www.helpsystems.com/product-lines/automate/data-scraping-extraction,"Sep 6, 2015"
Web Scraping vs API: What's the Difference? | ParseHub,https://www.parsehub.com/blog/web-scraping-vs-api/,"Mar 9, 2020 · Uploaded by ParseHub"
using Web Scraper now!,https://webscraper.io/?ref=recruiterstackbyinstalent,"May 14, 2019 · Uploaded by Web Scraper"
Web Scraper intro tutorial - YouTube,https://www.youtube.com/watch?v=n7fob_XVsbY,"Jun 25, 2019 · Uploaded by Web Scraper"
Web Scraping Tutorial - How to Seed your Database with Web ...,https://www.youtube.com/watch?v=_opDs6UPDyo,"Mar 9, 2017 · Uploaded by Fullstack Academy"
Web Scraping Tool | Free Browser Extensions | Grepsr,https://www.grepsr.com/browser-extensions/,"Jun 9, 2016"
Data Scraping to Excel - UiPath Tutorial for Beginners #11 ...,https://www.youtube.com/watch?v=kOPfG44-CBw,"Jul 13, 2020 · Uploaded by Anders Jensen"
Top 5 Social Media Scraping Tools for 2020 | Octoparse,https://www.octoparse.com/blog/top-5-social-media-scraping-tools-for-2018,"Oct 17, 2018 · Uploaded by Octoparse"
Robust & Resilient Web Scraping with AutoScrape | by Ravi ...,https://medium.com/analytics-vidhya/robust-resilient-web-scraping-with-autoscrape-3988169f1e22,"Sep 27, 2020 · Uploaded by Brandon Roberts"
What is Web Scraping and Who is Using it? | Octoparse,https://www.octoparse.com/blog/what-is-web-scraping,"Aug 27, 2018 · Uploaded by Octoparse"
10 Myths about Web Scraping [NEW] | Octoparse,https://www.octoparse.com/blog/10-myths-about-web-scraping,"Jul 30, 2019 · Uploaded by Octoparse"
Web Scraping vs Data Mining: What's the Difference ...,https://www.parsehub.com/blog/web-scraping-vs-data-mining/,"Mar 2, 2020 · Uploaded by ParseHub"
Web Crawling vs Web Scraping: The Differences - Blog ...,https://oxylabs.io/blog/crawling-vs-scraping,"Oct 4, 2020 · Uploaded by Oxylabs"
Data Scraping and Analysis using Python | by Jasmeet Singh ...,https://towardsdatascience.com/competitive-price-data-scraping-and-analysis-using-python-a1f34758155,"May 24, 2020 · Uploaded by Miguel Albrecht"
Web scraping: Reliably and efficiently pull data from pages ...,https://www.youtube.com/watch?v=52wxGESwQSA,"Mar 9, 2012 · Uploaded by Next Day Video"
Data Scraping Automation Webinar | HelpSystems,https://www.helpsystems.com/resources/on-demand-webinars/automate-data-scraping,"Feb 24, 2017"
What is Web Scraping and What is it Used For? | Definition ...,https://www.youtube.com/watch?v=Ct8Gxo8StBU,"Sep 27, 2019 · Uploaded by ParseHub"
Tidy web scraping in R — Tutorial and resources | by Keith ...,https://towardsdatascience.com/tidy-web-scraping-in-r-tutorial-and-resources-ac9f72b4fe47,"Jul 28, 2019 · Uploaded by Yrrah0015"
Scraping and Cleaning Data | Journalist's Toolbox,https://www.journaliststoolbox.org/2020/10/11/find-scrape-and-clean-data/,"Oct 11, 2020 · Uploaded by journaliststoolbox"
Scraping and Cleaning Data | Journalist's Toolbox,https://www.journaliststoolbox.org/2020/10/11/find-scrape-and-clean-data/,"Oct 11, 2020 · Uploaded by journaliststoolbox"
How to Scrape Websites at Large Scale (2020 Guide ...,https://www.octoparse.com/blog/scrape-websites-at-large-scale,"Feb 3, 2020 · Uploaded by Octoparse"
Data Scraping in Gavagai Explorer | Gavagai,https://www.gavagai.io/scraping/,"Jan 23, 2020 · Uploaded by Gavagai"
Google Maps Data‎ Scraping - Instant Data Scraper ( 100 ...,https://www.youtube.com/watch?v=lPyo-wiyptk,"Jun 25, 2020 · Uploaded by sampath vuchuru"
Web Scraping VS Data Mining: What's the Difference ...,https://www.youtube.com/watch?v=ssUeAe30UTI,"Mar 16, 2020 · Uploaded by ParseHub"
Instant Data Scraper,https://chrome.google.com/webstore/detail/instant-data-scraper/ofaokhiedipichpaobibbnahnkdoiiah/support?hl=zh-CN,"May 23, 2020 · Uploaded by Web Robots"
Automate Web Data Extraction - UiPath Studio - YouTube,https://www.youtube.com/watch?v=m_PkWeHSOrE,"Oct 6, 2014 · Uploaded by UiPath"
Web scraping using Python – Linux Hint,https://linuxhint.com/web_scraping_python/,"Dec 15, 2019"
Web Scraping: The Comprehensive Guide for 2020 ...,https://prowebscraper.com/blog/what-is-web-scraping/,"Feb 17, 2020 · Uploaded by ProWebScraper"
Web Scraping Examples: How are Businesses Using Web ...,https://www.parsehub.com/blog/web-scraping-examples/,"Oct 28, 2019 · Uploaded by ParseHub"
Data Analytics with Python by Web scraping: Illustration with ...,https://towardsdatascience.com/data-analytics-with-python-by-web-scraping-illustration-with-cia-world-factbook-abbdaa687a84,"Mar 3, 2018 · Uploaded by sentdex"
Web Scraping Tool to Extract Data from Websites - Agenty,https://www.agenty.com/products/scraping-agent/,"Oct 30, 2019 · Uploaded by Agenty"
Intro to Web Scraping with Python and Beautiful Soup - YouTube,https://www.youtube.com/watch?v=XQgXKtPSzUI,"Jan 7, 2017 · Uploaded by Data Science Dojo"
The A-Z of Web Scraping in 2020 [A How-To Guide] - DZone ...,https://dzone.com/articles/the-a-z-of-web-scraping-in-2020-a-how-to-guide,"Sep 1, 2020 · Uploaded by Dmitry Narizhnykh"
Web Scraping with Python Made Easy | by Jose Manu ...,https://towardsdatascience.com/web-scraping-with-python-made-easy-f069ffaf7754,"Jan 28, 2020 · Uploaded by Coding Fun"
Screen Scraping Any Desktop Application - UiPath,https://www.uipath.com/developers/video-tutorials/screen-scraping-desktop-application,"Dec 19, 2014 · Uploaded by UiPath"
Extract Data from any Website using Data Scraper - Easy Web ...,https://www.youtube.com/watch?v=B7yyemwCf7g,"Nov 10, 2017 · Uploaded by ITfriend"
15 Most Frequently Asked Questions about Web Scraping (Q&A),https://www.octoparse.com/blog/15-most-frequently-asked-questions-of-web-scraping,"Feb 1, 2019 · Uploaded by Octoparse"
11 Popular Cloud-based Web Scraping Solutions - Geekflare,https://geekflare.com/web-scraping-tools/,"Sep 20, 2020 · Uploaded by Web Scraper"
Examples of Businesses Who Use Data Scraping | Octoparse,https://www.octoparse.com/blog/examples-of-who-use-data-scraping,"Mar 2, 2020 · Uploaded by Octoparse"
News from OpenRPA and Data Scraping to Excel Tutorial ...,https://www.youtube.com/watch?v=9E_jIxxITpQ,"Apr 22, 2020 · Uploaded by Anders Jensen"
An Intro to Web Scraping with Python - Chi Hack Night ...,https://chihacknight.org/blog/2014/11/26/an-intro-to-web-scraping-with-python.html,"Nov 26, 2014 · Uploaded by Webucator"
Easy Web Scraping in Python using Pandas for Data Science ...,https://www.youtube.com/watch?v=ooj84UP3r6M,"Apr 14, 2020 · Uploaded by Data Professor"
Data Scraping In UiPath Rpa Example - YouTube,https://www.youtube.com/watch?v=WtyiwEVF2-w,"May 30, 2019 · Uploaded by KB Tutorials"
Web scraping with Python | Learn How To Scrape Data Using ...,https://www.youtube.com/watch?v=ktNAhLp0ymg,"Jul 8, 2020 · Uploaded by Great Learning"
What can Web Scraping be Used For? | ParseHub,https://www.parsehub.com/blog/web-scraping-uses/,"Feb 17, 2020 · Uploaded by ParseHub"
Is Web Scraping Easy? How to Scrape Data without Coding ...,https://www.parsehub.com/blog/web-scraping-easy/,"Feb 10, 2020 · Uploaded by ParseHub"
The Essential Guide To Web Scraping Tools | Understanding ...,https://understandingdata.com/web-scraping-tools/,"Mar 27, 2020 · Uploaded by ParseHub"
"Automate Data Extraction – Web Scraping, Screen Scraping ...",https://www.youtube.com/watch?v=NwhG7e67sHo,"Jul 20, 2016 · Uploaded by HelpSystems"
Screen Scraping Software - RPA | UiPath,https://www.uipath.com/solutions/technology/screen-scraping,"Dec 5, 2014 · Uploaded by UiPath"
Data Scraping Services | F6S,https://www.f6s.com/datascrapingservices,"Jan 8, 2017"
Scrape The Internet To Get Training Data For Your Machine ...,https://blog.datahut.co/scrape-the-internet-to-get-training-data-for-your-machine-learning-model/,"May 26, 2017"
Web scraping in Python (Part 1): Getting started - YouTube,https://www.youtube.com/watch?v=r_xb0vF1uMc,"Aug 11, 2017 · Uploaded by Data School"
How to Extract Data From Millions of Web Pages in the Cloud ...,https://www.youtube.com/watch?v=b2Lc5IzWdJw,"Jan 7, 2020 · Uploaded by Octoparse"
QVC Can't Stop Web Scraping - Forbes,https://www.forbes.com/sites/ericgoldman/2015/03/24/qvc-cant-stop-web-scraping/,"Mar 24, 2015"
Scraping Data from Website to Excel (Tutorial 2020) | Octoparse,https://www.octoparse.com/blog/scraping-data-from-website-to-excel,"Feb 1, 2020 · Uploaded by Octoparse"
5 Top Tips for Data Scraping Using Selenium in Python | by ...,https://towardsdatascience.com/5-top-tips-for-data-scraping-using-selenium-d8b83804681c,"Aug 9, 2020 · Uploaded by Stephen Fordham"
Intro To Web Scraping With Python - YouTube,https://www.youtube.com/watch?v=4UcqECQe5Kc,"Jul 29, 2018 · Uploaded by Traversy Media"
Automated data scraping from websites into Excel - YouTube,https://www.youtube.com/watch?v=qbOdUaf4yfI,"Nov 3, 2012 · Uploaded by Dinesh Kumar Takyar"
Data Scraping is Revolutionary - Rebellion Research,https://www.rebellionresearch.com/blog/data-scraping-is-revolutionary,"Apr 10, 2020 · Uploaded by ParseHub"
Fast Web Scraping With ReactPHP #1: Extracting Data From ...,https://www.youtube.com/watch?v=_XYVP5fdt_0,"Nov 19, 2018 · Uploaded by Sergey Zhuk"
Web Scraping API for Data Extraction: A Beginner's Guide ...,https://www.octoparse.com/blog/web-scraping-api-for-data-extraction-a-beginners-guide,"Jan 20, 2020 · Uploaded by Octoparse"
Top 20 Web Crawling Tools to Scrape the Websites Quickly ...,https://www.octoparse.com/blog/top-20-web-crawling-tools-for-extracting-web-data,"Aug 23, 2019 · Uploaded by Octoparse"
How much does Web Scraping cost? | ParseHub,https://www.parsehub.com/blog/web-scraping-cost/,"Apr 6, 2020 · Uploaded by ParseHub"
How To Scrape Web Data- The Basics (Webinar) - YouTube,https://www.youtube.com/watch?v=d5LVB17Ti4E,"Feb 15, 2018 · Uploaded by MozendaSupport"
Web Scraper multiple record extraction tutorial - YouTube,https://www.youtube.com/watch?v=_CtbZub5ny0,"Jun 25, 2019 · Uploaded by Web Scraper"
5 Reasons Why Web Scraping May Benefit Your Business ...,https://www.octoparse.com/blog/why-web-scraping-may-benefit-your-business,"Dec 17, 2019 · Uploaded by Octoparse"
Python Web Scraping Tutorial – Linux Hint,https://linuxhint.com/python-web-scraping-tutorial/,"Jul 13, 1997"
Practical Introduction to Web Scraping in R | R-bloggers,https://www.r-bloggers.com/2019/04/practical-introduction-to-web-scraping-in-r/,"Apr 10, 2019 · Uploaded by Rsquared Academy"
Comprehensive Python Beautiful Soup Web Scraping Tutorial ...,https://www.youtube.com/watch?v=GjKQ6V_ViQE,"Jul 11, 2020 · Uploaded by Keith Galli"
Can you Make Money from Web Scraping? Of Course ...,https://www.parsehub.com/blog/web-scraping-money/,"Mar 30, 2020"
Web Scraping with no coding - DEV - DEV Community ‍ ‍,https://dev.to/princepeterhansen/web-scraping-with-no-coding-27ma,"Feb 18, 2020 · Uploaded by WebDev"
Data Crawler - Web Scraping Tool & Free Web Crawlers ...,https://www.octoparse.com/DataCrawler,"Nov 14, 2017 · Uploaded by Octoparse"
Data scraping from single pages | Octoparse,https://www.octoparse.com/tutorial/single-page-web-scraping-octoparse,"Jun 23, 2016 · Uploaded by Octoparse"
Web data scraping is easier than you think ... - YouTube,https://www.youtube.com/watch?v=qDiW78tzQr0,"Jan 25, 2019 · Uploaded by ScrapeStorm Tutorial"
Web Scraping With Google Sheets. Four different functions ...,https://medium.com/better-programming/web-scraping-with-google-sheets-20d0dce323cc,"May 16, 2018 · Uploaded by Ben R"
About Scrapinghub - The World's Leading Web Scraping ...,https://www.scrapinghub.com/about,"Nov 21, 2018"
Tutorial - How to Scrape Data from Websites with Data Miner ...,https://www.youtube.com/watch?v=Zrq5E0zagGw,"Dec 4, 2019 · Uploaded by Derek Caelin"
Real Estate Web Scraping: Changing This Industry - Blog ...,https://oxylabs.io/blog/data-scraping-for-real-estate,"May 11, 2020 · Uploaded by Oxylabs"
How to scrape Amazon with Instant Data Scraper - YouTube,https://www.youtube.com/watch?v=as9jMBf5zlM,"May 25, 2017 · Uploaded by Web Robots"
